<?xml version="1.0" encoding="UTF-8"?><FileNetExportCatalog version="1">
	<DeploymentTreeLocation/>
	<SourceEnvironment/>
	<ExportOperationFile>DeploymentOperation_Export.xml</ExportOperationFile>
	<ExportManifestFile>manifest.xml</ExportManifestFile>
	<ExportLogFile/>
	<ConvertOperationFile/>
	<SourcePrimaryObjectStoreName>CMDOS</SourcePrimaryObjectStoreName>
	<ExportStartTime>2021-01-04 21:17:19 PST</ExportStartTime>
	<DatasetFiles>
		<DatasetFile>deployDataSet1.xml</DatasetFile>
	</DatasetFiles>
	<ObjectListFile>ObjectList.xml</ObjectListFile>
	<NumberOfObjectsExported>61</NumberOfObjectsExported>
	<ExportEndTime>2021-01-04 21:17:20 PST</ExportEndTime>
		<DestinationEnvironment/>
	<DestinationPrimaryObjectStoreName>CMDOS</DestinationPrimaryObjectStoreName>
</FileNetExportCatalog>