<?xml version="1.0" encoding="UTF-8"?>
<SavedManifest primaryObjectStore="CMDOS" FDMVersion="5.2.1">
	<LifeCyclePolicies />
	<LifeCycleActions />
	<PropertyTemplates />
	<ChoiceLists />
	<ClassDefinitions />
	<Folders>
		<Folder objectStore="CMDOS">
			<Name>SimCard Change</Name>
			<Id>{A67E4037-29BF-CCB5-8762-7688FD300000}</Id>
			<IncludeOptions>
				<IncludeMarkingSets>0</IncludeMarkingSets>
				<IncludeSubscriptions>0</IncludeSubscriptions>
				<IncludeSystemClasses>0</IncludeSystemClasses>
				<IncludeSubClasses>0</IncludeSubClasses>
				<IncludeEventActions>0</IncludeEventActions>
				<IncludeChangePreprocessorActions>0</IncludeChangePreprocessorActions>
				<IncludeAnnotations>0</IncludeAnnotations>
				<IncludeUserThumbnails>0</IncludeUserThumbnails>
				<IncludeCVLs>0</IncludeCVLs>
				<IncludeGlobalPropDefs>0</IncludeGlobalPropDefs>
				<IncludeLifeCycleActions>0</IncludeLifeCycleActions>
				<IncludeLifeCyclePolicies>0</IncludeLifeCyclePolicies>
				<IncludeSecurityObjects>0</IncludeSecurityObjects>
				<IncludeContentOfFolder>1</IncludeContentOfFolder>
				<IncludeDocs>1</IncludeDocs>
				<IncludeRelationshipsToContainingFolders>1</IncludeRelationshipsToContainingFolders>
				<IncludeRCRs>1</IncludeRCRs>
				<IncludeParentFolders>0</IncludeParentFolders>
				<IncludeDocVers>0</IncludeDocVers>
				<IncludeObjects>0</IncludeObjects>
				<IncludeSubFolders>1</IncludeSubFolders>
				<IncludeCompoundDocs>0</IncludeCompoundDocs>
				<IncludeClasses>0</IncludeClasses>
				<IncludeDocumentComments>0</IncludeDocumentComments>
				<IncludeFollowers>0</IncludeFollowers>
				<IncludeRecommendations>0</IncludeRecommendations>
				<IncludeTags>0</IncludeTags>
			</IncludeOptions>
		</Folder>
		<IncludeOptions>
			<IncludeMarkingSets>0</IncludeMarkingSets>
			<IncludeSubscriptions>1</IncludeSubscriptions>
			<IncludeSystemClasses>0</IncludeSystemClasses>
			<IncludeSubClasses>0</IncludeSubClasses>
			<IncludeEventActions>1</IncludeEventActions>
			<IncludeChangePreprocessorActions>1</IncludeChangePreprocessorActions>
			<IncludeAnnotations>1</IncludeAnnotations>
			<IncludeUserThumbnails>0</IncludeUserThumbnails>
			<IncludeCVLs>1</IncludeCVLs>
			<IncludeGlobalPropDefs>1</IncludeGlobalPropDefs>
			<IncludeLifeCycleActions>1</IncludeLifeCycleActions>
			<IncludeLifeCyclePolicies>1</IncludeLifeCyclePolicies>
			<IncludeSecurityObjects>1</IncludeSecurityObjects>
			<IncludeContentOfFolder>1</IncludeContentOfFolder>
			<IncludeDocs>1</IncludeDocs>
			<IncludeRelationshipsToContainingFolders>1</IncludeRelationshipsToContainingFolders>
			<IncludeRCRs>1</IncludeRCRs>
			<IncludeParentFolders>1</IncludeParentFolders>
			<IncludeDocVers>1</IncludeDocVers>
			<IncludeObjects>1</IncludeObjects>
			<IncludeSubFolders>1</IncludeSubFolders>
			<IncludeCompoundDocs>1</IncludeCompoundDocs>
			<IncludeClasses>1</IncludeClasses>
			<IncludeDocumentComments>0</IncludeDocumentComments>
			<IncludeFollowers>0</IncludeFollowers>
			<IncludeRecommendations>0</IncludeRecommendations>
			<IncludeTags>0</IncludeTags>
		</IncludeOptions>
	</Folders>
	<Documents />
	<EventActions />
	<Others />
	<SocialCollaborations />
</SavedManifest>