<?xml version="1.0" encoding="UTF-8"?>
<ExportObjectList version="1">
	<Object>
		<Name>SimCard Change</Name>
		<ClassName>CmAcmSolutionFolder</ClassName>
		<Id>{A67E4037-29BF-CCB5-8762-7688FD300000}</Id>
		<ObjectStoreId>{3B3B600C-3F75-47A5-B91D-7A36A20A0D2D}</ObjectStoreId>
	</Object>
	<Object>
		<Name>PE Configuration</Name>
		<ClassName>Document</ClassName>
		<Id>{BA8BF038-353B-CF80-9CB4-76CCE2E00000}</Id>
		<ObjectStoreId>{3B3B600C-3F75-47A5-B91D-7A36A20A0D2D}</ObjectStoreId>
	</Object>
	<Object>
		<Name>PE Configuration</Name>
		<ClassName>DynamicReferentialContainmentRelationship</ClassName>
		<Id>{7CC49274-2ABB-CF7C-B35D-7688FD300000}</Id>
		<ObjectStoreId>{3B3B600C-3F75-47A5-B91D-7A36A20A0D2D}</ObjectStoreId>
	</Object>
	<Object>
		<Name>nls</Name>
		<ClassName>Folder</ClassName>
		<Id>{D2D184A0-E41C-C3BC-8432-768EADD00000}</Id>
		<ObjectStoreId>{3B3B600C-3F75-47A5-B91D-7A36A20A0D2D}</ObjectStoreId>
	</Object>
	<Object>
		<Name>Pages</Name>
		<ClassName>Folder</ClassName>
		<Id>{E2C4B908-2C93-CFD4-B9CE-7688FD300000}</Id>
		<ObjectStoreId>{3B3B600C-3F75-47A5-B91D-7A36A20A0D2D}</ObjectStoreId>
	</Object>
	<Object>
		<Name>Resources.js</Name>
		<ClassName>Document</ClassName>
		<Id>{086590B1-FA41-CF19-8367-76CD8AC00003}</Id>
		<ObjectStoreId>{3B3B600C-3F75-47A5-B91D-7A36A20A0D2D}</ObjectStoreId>
	</Object>
	<Object>
		<Name>Resources.js</Name>
		<ClassName>DynamicReferentialContainmentRelationship</ClassName>
		<Id>{59E54A41-DB06-CA12-8C0F-768EADD00000}</Id>
		<ObjectStoreId>{3B3B600C-3F75-47A5-B91D-7A36A20A0D2D}</ObjectStoreId>
	</Object>
	<Object>
		<Name>SimCard Change Workflow Definition</Name>
		<ClassName>WorkflowDefinition</ClassName>
		<Id>{5D8F402B-6159-CB51-8F6D-76CCCF100001}</Id>
		<ObjectStoreId>{3B3B600C-3F75-47A5-B91D-7A36A20A0D2D}</ObjectStoreId>
	</Object>
	<Object>
		<Name>SCC_SimCardChange</Name>
		<ClassName>DynamicReferentialContainmentRelationship</ClassName>
		<Id>{5A227BBB-5C2F-C9C1-8A8D-768912200000}</Id>
		<ObjectStoreId>{3B3B600C-3F75-47A5-B91D-7A36A20A0D2D}</ObjectStoreId>
	</Object>
	<Object>
		<Name>Views</Name>
		<ClassName>Folder</ClassName>
		<Id>{840EF61F-E802-CBAB-8627-768914E00000}</Id>
		<ObjectStoreId>{3B3B600C-3F75-47A5-B91D-7A36A20A0D2D}</ObjectStoreId>
	</Object>
	<Object>
		<Name></Name>
		<ClassName>CmAcmDraftArea</ClassName>
		<Id>{8D768A74-3231-CA12-8F2D-768912200000}</Id>
		<ObjectStoreId>{3B3B600C-3F75-47A5-B91D-7A36A20A0D2D}</ObjectStoreId>
	</Object>
	<Object>
		<Name>SCC_SimCardChange</Name>
		<ClassName>Folder</ClassName>
		<Id>{540150CF-A0EE-C7B6-8BD1-768914E00000}</Id>
		<ObjectStoreId>{3B3B600C-3F75-47A5-B91D-7A36A20A0D2D}</ObjectStoreId>
	</Object>
	<Object>
		<Name>SCC_SimCardChange_Draft</Name>
		<ClassName>ReferentialContainmentRelationship</ClassName>
		<Id>{5E510121-53EA-CD56-9011-768912200000}</Id>
		<ObjectStoreId>{3B3B600C-3F75-47A5-B91D-7A36A20A0D2D}</ObjectStoreId>
	</Object>
	<Object>
		<Name>ChangingStatusCheck pg</Name>
		<ClassName>CmAcmPage</ClassName>
		<Id>{98D6FC3A-9A86-CEC6-8653-769397100000}</Id>
		<ObjectStoreId>{3B3B600C-3F75-47A5-B91D-7A36A20A0D2D}</ObjectStoreId>
	</Object>
	<Object>
		<Name>ChangingStatusCheck pg</Name>
		<ClassName>DynamicReferentialContainmentRelationship</ClassName>
		<Id>{24E46AE3-E87F-CD2C-8A25-769397100000}</Id>
		<ObjectStoreId>{3B3B600C-3F75-47A5-B91D-7A36A20A0D2D}</ObjectStoreId>
	</Object>
	<Object>
		<Name>Solution Definition</Name>
		<ClassName>Document</ClassName>
		<Id>{791AFA18-A54D-C28B-8A84-76CCB7900000}</Id>
		<ObjectStoreId>{3B3B600C-3F75-47A5-B91D-7A36A20A0D2D}</ObjectStoreId>
	</Object>
	<Object>
		<Name>CheckAvailability pg</Name>
		<ClassName>CmAcmPage</ClassName>
		<Id>{F976650D-E2D0-CEE1-87C4-769383100000}</Id>
		<ObjectStoreId>{3B3B600C-3F75-47A5-B91D-7A36A20A0D2D}</ObjectStoreId>
	</Object>
	<Object>
		<Name>CheckAvailability pg</Name>
		<ClassName>DynamicReferentialContainmentRelationship</ClassName>
		<Id>{BA3725CC-2897-CC9A-8A2E-769383100000}</Id>
		<ObjectStoreId>{3B3B600C-3F75-47A5-B91D-7A36A20A0D2D}</ObjectStoreId>
	</Object>
	<Object>
		<Name>Solution Definition</Name>
		<ClassName>DynamicReferentialContainmentRelationship</ClassName>
		<Id>{F89D3574-BE91-C4C7-AC9C-7688FD300000}</Id>
		<ObjectStoreId>{3B3B600C-3F75-47A5-B91D-7A36A20A0D2D}</ObjectStoreId>
	</Object>
	<Object>
		<Name>AvailabilityCheck</Name>
		<ClassName>CmAcmView</ClassName>
		<Id>{696CD656-09AE-C3E3-8FE2-769383100000}</Id>
		<ObjectStoreId>{3B3B600C-3F75-47A5-B91D-7A36A20A0D2D}</ObjectStoreId>
	</Object>
	<Object>
		<Name>AvailabilityCheck</Name>
		<ClassName>DynamicReferentialContainmentRelationship</ClassName>
		<Id>{4813905C-28D8-C620-916C-769383100000}</Id>
		<ObjectStoreId>{3B3B600C-3F75-47A5-B91D-7A36A20A0D2D}</ObjectStoreId>
	</Object>
	<Object>
		<Name>CmAcmCASE_DEFAULT_PAGE</Name>
		<ClassName>CmAcmPage</ClassName>
		<Id>{9DCC3E61-E8AC-C941-8379-7688FD300001}</Id>
		<ObjectStoreId>{3B3B600C-3F75-47A5-B91D-7A36A20A0D2D}</ObjectStoreId>
	</Object>
	<Object>
		<Name>Change Sim</Name>
		<ClassName>CmAcmView</ClassName>
		<Id>{C9F61CAA-E4EB-C490-868D-76CCBAB00000}</Id>
		<ObjectStoreId>{3B3B600C-3F75-47A5-B91D-7A36A20A0D2D}</ObjectStoreId>
	</Object>
	<Object>
		<Name>CmAcmCASE_DEFAULT_PAGE</Name>
		<ClassName>DynamicReferentialContainmentRelationship</ClassName>
		<Id>{8FA72F67-FDC0-CE9B-B535-7688FD300001}</Id>
		<ObjectStoreId>{3B3B600C-3F75-47A5-B91D-7A36A20A0D2D}</ObjectStoreId>
	</Object>
	<Object>
		<Name>Change Sim</Name>
		<ClassName>DynamicReferentialContainmentRelationship</ClassName>
		<Id>{4E5F7D44-A1AA-C338-9214-768914E00000}</Id>
		<ObjectStoreId>{3B3B600C-3F75-47A5-B91D-7A36A20A0D2D}</ObjectStoreId>
	</Object>
	<Object>
		<Name></Name>
		<ClassName>CmAcmSolutionLockControl</ClassName>
		<Id>{A11DC246-0DA2-CE33-9763-7688FD300000}</Id>
		<ObjectStoreId>{3B3B600C-3F75-47A5-B91D-7A36A20A0D2D}</ObjectStoreId>
	</Object>
	<Object>
		<Name>CmAcmCASE_NEW_DEFAULT_PAGE</Name>
		<ClassName>CmAcmPage</ClassName>
		<Id>{4E9180E3-FDB2-CAC0-9254-7688FD300001}</Id>
		<ObjectStoreId>{3B3B600C-3F75-47A5-B91D-7A36A20A0D2D}</ObjectStoreId>
	</Object>
	<Object>
		<Name>Changing Status Check</Name>
		<ClassName>CmAcmView</ClassName>
		<Id>{F9C077A7-5669-C7A5-8CDB-769397100000}</Id>
		<ObjectStoreId>{3B3B600C-3F75-47A5-B91D-7A36A20A0D2D}</ObjectStoreId>
	</Object>
	<Object>
		<Name>Changing Status Check</Name>
		<ClassName>DynamicReferentialContainmentRelationship</ClassName>
		<Id>{AB4E4429-DDC6-C2DE-92BB-769397100000}</Id>
		<ObjectStoreId>{3B3B600C-3F75-47A5-B91D-7A36A20A0D2D}</ObjectStoreId>
	</Object>
	<Object>
		<Name>CmAcmCASE_NEW_DEFAULT_PAGE</Name>
		<ClassName>DynamicReferentialContainmentRelationship</ClassName>
		<Id>{CD117A73-CB8E-C2CF-8705-7688FD300002}</Id>
		<ObjectStoreId>{3B3B600C-3F75-47A5-B91D-7A36A20A0D2D}</ObjectStoreId>
	</Object>
	<Object>
		<Name>Solution Locks</Name>
		<ClassName>ReferentialContainmentRelationship</ClassName>
		<Id>{38FACCB5-DE52-CBEC-9B60-7688FD300000}</Id>
		<ObjectStoreId>{3B3B600C-3F75-47A5-B91D-7A36A20A0D2D}</ObjectStoreId>
	</Object>
	<Object>
		<Name>Add Case Form</Name>
		<ClassName>CmAcmPage</ClassName>
		<Id>{732E08FF-F8D7-C732-85C0-76A7C7E00000}</Id>
		<ObjectStoreId>{3B3B600C-3F75-47A5-B91D-7A36A20A0D2D}</ObjectStoreId>
	</Object>
	<Object>
		<Name>CmAcmCASE_NEW_PAGE</Name>
		<ClassName>DynamicReferentialContainmentRelationship</ClassName>
		<Id>{F517852E-C8DF-C9BA-BCF9-7688FD300001}</Id>
		<ObjectStoreId>{3B3B600C-3F75-47A5-B91D-7A36A20A0D2D}</ObjectStoreId>
	</Object>
	<Object>
		<Name>Solution Workflow Collection</Name>
		<ClassName>WorkflowDefinition</ClassName>
		<Id>{E7C2234C-338C-C99E-933A-76893AA00000}</Id>
		<ObjectStoreId>{3B3B600C-3F75-47A5-B91D-7A36A20A0D2D}</ObjectStoreId>
	</Object>
	<Object>
		<Name>Solution Workflow Collection</Name>
		<ClassName>DynamicReferentialContainmentRelationship</ClassName>
		<Id>{D09CD4B1-6DAB-C745-B6C0-7688FD300000}</Id>
		<ObjectStoreId>{3B3B600C-3F75-47A5-B91D-7A36A20A0D2D}</ObjectStoreId>
	</Object>
	<Object>
		<Name>CmAcmCASE_PAGE</Name>
		<ClassName>CmAcmPage</ClassName>
		<Id>{854937A4-BD91-C0BD-BDC3-7688FD300000}</Id>
		<ObjectStoreId>{3B3B600C-3F75-47A5-B91D-7A36A20A0D2D}</ObjectStoreId>
	</Object>
	<Object>
		<Name></Name>
		<ClassName>CmAcmDraftArea</ClassName>
		<Id>{A85DC600-AA70-C565-A755-7688FD300000}</Id>
		<ObjectStoreId>{3B3B600C-3F75-47A5-B91D-7A36A20A0D2D}</ObjectStoreId>
	</Object>
	<Object>
		<Name>Solution Workflow Collection_Draft</Name>
		<ClassName>ReferentialContainmentRelationship</ClassName>
		<Id>{815C66DE-BD27-CD1D-AB3E-7688FD300000}</Id>
		<ObjectStoreId>{3B3B600C-3F75-47A5-B91D-7A36A20A0D2D}</ObjectStoreId>
	</Object>
	<Object>
		<Name>CmAcmCASE_PAGE</Name>
		<ClassName>DynamicReferentialContainmentRelationship</ClassName>
		<Id>{BE3A687B-D96D-C8E0-B39A-7688FD300001}</Id>
		<ObjectStoreId>{3B3B600C-3F75-47A5-B91D-7A36A20A0D2D}</ObjectStoreId>
	</Object>
	<Object>
		<Name>CmAcmCASE_SPLIT_DEFAULT_PAGE</Name>
		<ClassName>CmAcmPage</ClassName>
		<Id>{BCED6E53-87EA-CC12-97A1-7688FD300001}</Id>
		<ObjectStoreId>{3B3B600C-3F75-47A5-B91D-7A36A20A0D2D}</ObjectStoreId>
	</Object>
	<Object>
		<Name>CmAcmCASE_SPLIT_DEFAULT_PAGE</Name>
		<ClassName>DynamicReferentialContainmentRelationship</ClassName>
		<Id>{793F3372-BF24-C057-8BF3-7688FD300002}</Id>
		<ObjectStoreId>{3B3B600C-3F75-47A5-B91D-7A36A20A0D2D}</ObjectStoreId>
	</Object>
	<Object>
		<Name>CmAcmCASES_DEFAULT_PAGE</Name>
		<ClassName>CmAcmPage</ClassName>
		<Id>{4027CF8C-ADC1-CBB4-A5C8-7688FD300001}</Id>
		<ObjectStoreId>{3B3B600C-3F75-47A5-B91D-7A36A20A0D2D}</ObjectStoreId>
	</Object>
	<Object>
		<Name>CmAcmCASES_DEFAULT_PAGE</Name>
		<ClassName>DynamicReferentialContainmentRelationship</ClassName>
		<Id>{05CC3F61-EC73-C80B-98A6-7688FD300002}</Id>
		<ObjectStoreId>{3B3B600C-3F75-47A5-B91D-7A36A20A0D2D}</ObjectStoreId>
	</Object>
	<Object>
		<Name>CmAcmSTEP_ATTACHMENT_PAGE</Name>
		<ClassName>CmAcmPage</ClassName>
		<Id>{D355EEC5-F820-CC72-AE64-7688FD300001}</Id>
		<ObjectStoreId>{3B3B600C-3F75-47A5-B91D-7A36A20A0D2D}</ObjectStoreId>
	</Object>
	<Object>
		<Name>CmAcmSTEP_ATTACHMENT_PAGE</Name>
		<ClassName>DynamicReferentialContainmentRelationship</ClassName>
		<Id>{9FE00029-2865-CA88-A283-7688FD300002}</Id>
		<ObjectStoreId>{3B3B600C-3F75-47A5-B91D-7A36A20A0D2D}</ObjectStoreId>
	</Object>
	<Object>
		<Name>CmAcmSTEP_DEFAULT_PAGE</Name>
		<ClassName>CmAcmPage</ClassName>
		<Id>{468DE7DE-A174-C4AC-8A24-768EAD700000}</Id>
		<ObjectStoreId>{3B3B600C-3F75-47A5-B91D-7A36A20A0D2D}</ObjectStoreId>
	</Object>
	<Object>
		<Name>CmAcmSTEP_DEFAULT_PAGE</Name>
		<ClassName>DynamicReferentialContainmentRelationship</ClassName>
		<Id>{4BD0BFA7-DD8D-C614-8ECD-7688FD300002}</Id>
		<ObjectStoreId>{3B3B600C-3F75-47A5-B91D-7A36A20A0D2D}</ObjectStoreId>
	</Object>
	<Object>
		<Name>CmAcmSTEP_DYNAMIC_DEFAULT_PAGE</Name>
		<ClassName>CmAcmPage</ClassName>
		<Id>{CBEDBA63-E618-C510-8CE9-7688FD300001}</Id>
		<ObjectStoreId>{3B3B600C-3F75-47A5-B91D-7A36A20A0D2D}</ObjectStoreId>
	</Object>
	<Object>
		<Name>CmAcmSTEP_DYNAMIC_DEFAULT_PAGE</Name>
		<ClassName>DynamicReferentialContainmentRelationship</ClassName>
		<Id>{4F969E82-8383-C8C3-802E-7688FD300002}</Id>
		<ObjectStoreId>{3B3B600C-3F75-47A5-B91D-7A36A20A0D2D}</ObjectStoreId>
	</Object>
	<Object>
		<Name>CmAcmSTEP_LAUNCH_DEFAULT_PAGE</Name>
		<ClassName>CmAcmPage</ClassName>
		<Id>{32843215-5599-C07F-A3C7-7688FD300001}</Id>
		<ObjectStoreId>{3B3B600C-3F75-47A5-B91D-7A36A20A0D2D}</ObjectStoreId>
	</Object>
	<Object>
		<Name>CmAcmSTEP_LAUNCH_DEFAULT_PAGE</Name>
		<ClassName>DynamicReferentialContainmentRelationship</ClassName>
		<Id>{AE69B309-B619-C4D9-94F1-7688FD300002}</Id>
		<ObjectStoreId>{3B3B600C-3F75-47A5-B91D-7A36A20A0D2D}</ObjectStoreId>
	</Object>
	<Object>
		<Name>CmAcmSTEP_LAUNCH_PAGE</Name>
		<ClassName>CmAcmPage</ClassName>
		<Id>{13380EB6-4706-C0F9-ABEC-7688FD300001}</Id>
		<ObjectStoreId>{3B3B600C-3F75-47A5-B91D-7A36A20A0D2D}</ObjectStoreId>
	</Object>
	<Object>
		<Name>CmAcmSTEP_LAUNCH_PAGE</Name>
		<ClassName>DynamicReferentialContainmentRelationship</ClassName>
		<Id>{F5E1E14E-89DC-C435-9DE4-7688FD300002}</Id>
		<ObjectStoreId>{3B3B600C-3F75-47A5-B91D-7A36A20A0D2D}</ObjectStoreId>
	</Object>
	<Object>
		<Name>CmAcmSTEP_PAGE</Name>
		<ClassName>CmAcmPage</ClassName>
		<Id>{F6626306-7E52-C677-8612-7688FD300001}</Id>
		<ObjectStoreId>{3B3B600C-3F75-47A5-B91D-7A36A20A0D2D}</ObjectStoreId>
	</Object>
	<Object>
		<Name>CmAcmSTEP_PAGE</Name>
		<ClassName>DynamicReferentialContainmentRelationship</ClassName>
		<Id>{B4DFAE7F-1110-C770-B929-7688FD300001}</Id>
		<ObjectStoreId>{3B3B600C-3F75-47A5-B91D-7A36A20A0D2D}</ObjectStoreId>
	</Object>
	<Object>
		<Name>CmAcmWORK_DEFAULT_PAGE</Name>
		<ClassName>CmAcmPage</ClassName>
		<Id>{A0989611-854E-C955-9CF4-7688FD300001}</Id>
		<ObjectStoreId>{3B3B600C-3F75-47A5-B91D-7A36A20A0D2D}</ObjectStoreId>
	</Object>
	<Object>
		<Name>CmAcmWORK_DEFAULT_PAGE</Name>
		<ClassName>DynamicReferentialContainmentRelationship</ClassName>
		<Id>{CC0A153B-41EF-C489-901F-7688FD300002}</Id>
		<ObjectStoreId>{3B3B600C-3F75-47A5-B91D-7A36A20A0D2D}</ObjectStoreId>
	</Object>
	<Object>
		<Name>Cases pg</Name>
		<ClassName>CmAcmPage</ClassName>
		<Id>{B4DE2B03-4B29-C0D3-87F4-76ADD0900000}</Id>
		<ObjectStoreId>{3B3B600C-3F75-47A5-B91D-7A36A20A0D2D}</ObjectStoreId>
	</Object>
	<Object>
		<Name>Copy of Cases</Name>
		<ClassName>DynamicReferentialContainmentRelationship</ClassName>
		<Id>{3B0F5193-EFAE-C6F2-8BA0-76A7D4A00000}</Id>
		<ObjectStoreId>{3B3B600C-3F75-47A5-B91D-7A36A20A0D2D}</ObjectStoreId>
	</Object>
	<Object>
		<Name>Work pg</Name>
		<ClassName>CmAcmPage</ClassName>
		<Id>{3FA117C2-BAA1-C4BF-86B2-76ADD0D00000}</Id>
		<ObjectStoreId>{3B3B600C-3F75-47A5-B91D-7A36A20A0D2D}</ObjectStoreId>
	</Object>
	<Object>
		<Name>Copy of Work</Name>
		<ClassName>DynamicReferentialContainmentRelationship</ClassName>
		<Id>{950092F8-B434-C36A-8B5E-76A7D5100000}</Id>
		<ObjectStoreId>{3B3B600C-3F75-47A5-B91D-7A36A20A0D2D}</ObjectStoreId>
	</Object>
</ExportObjectList>
